collection_week,Country,total_confirmed_cases,total_recovered,total_deaths,hospital_pk,daily_new_cases,case_fatality_rate,recovery_rate,active_cases,surge_flag
2020-01-22,US,1,0,0,USA_NATIONAL,,0.0,0.0,1,0
2020-01-23,US,1,0,0,USA_NATIONAL,0.0,0.0,0.0,1,0
2020-01-24,US,2,0,0,USA_NATIONAL,1.0,0.0,0.0,2,1
2020-01-25,US,2,0,0,USA_NATIONAL,0.0,0.0,0.0,2,0
2020-01-26,US,5,0,0,USA_NATIONAL,3.0,0.0,0.0,5,1
2020-01-27,US,5,0,0,USA_NATIONAL,0.0,0.0,0.0,5,0
2020-01-28,US,5,0,0,USA_NATIONAL,0.0,0.0,0.0,5,0
2020-01-29,US,6,0,0,USA_NATIONAL,1.0,0.0,0.0,6,0
2020-01-30,US,6,0,0,USA_NATIONAL,0.0,0.0,0.0,6,0
2020-01-31,US,8,0,0,USA_NATIONAL,2.0,0.0,0.0,8,1
2020-02-01,US,8,0,0,USA_NATIONAL,0.0,0.0,0.0,8,0
2020-02-02,US,8,0,0,USA_NATIONAL,0.0,0.0,0.0,8,0
2020-02-03,US,11,0,0,USA_NATIONAL,3.0,0.0,0.0,11,1
2020-02-04,US,11,0,0,USA_NATIONAL,0.0,0.0,0.0,11,0
2020-02-05,US,11,0,0,USA_NATIONAL,0.0,0.0,0.0,11,0
2020-02-06,US,12,0,0,USA_NATIONAL,1.0,0.0,0.0,12,0
2020-02-07,US,12,0,0,USA_NATIONAL,0.0,0.0,0.0,12,0
2020-02-08,US,12,0,0,USA_NATIONAL,0.0,0.0,0.0,12,0
2020-02-09,US,12,3,0,USA_NATIONAL,0.0,0.0,0.25,9,0
2020-02-10,US,12,3,0,USA_NATIONAL,0.0,0.0,0.25,9,0
2020-02-11,US,13,3,0,USA_NATIONAL,1.0,0.0,0.2308,10,1
2020-02-12,US,13,3,0,USA_NATIONAL,0.0,0.0,0.2308,10,0
2020-02-13,US,14,3,0,USA_NATIONAL,1.0,0.0,0.2143,11,1
2020-02-14,US,14,3,0,USA_NATIONAL,0.0,0.0,0.2143,11,0
2020-02-15,US,14,3,0,USA_NATIONAL,0.0,0.0,0.2143,11,0
2020-02-16,US,14,3,0,USA_NATIONAL,0.0,0.0,0.2143,11,0
2020-02-17,US,14,3,0,USA_NATIONAL,0.0,0.0,0.2143,11,0
2020-02-18,US,14,3,0,USA_NATIONAL,0.0,0.0,0.2143,11,0
2020-02-19,US,14,3,0,USA_NATIONAL,0.0,0.0,0.2143,11,0
2020-02-20,US,14,3,0,USA_NATIONAL,0.0,0.0,0.2143,11,0
2020-02-21,US,16,5,0,USA_NATIONAL,2.0,0.0,0.3125,11,1
2020-02-22,US,16,5,0,USA_NATIONAL,0.0,0.0,0.3125,11,0
2020-02-23,US,16,5,0,USA_NATIONAL,0.0,0.0,0.3125,11,0
2020-02-24,US,16,5,0,USA_NATIONAL,0.0,0.0,0.3125,11,0
2020-02-25,US,16,6,0,USA_NATIONAL,0.0,0.0,0.375,10,0
2020-02-26,US,16,6,0,USA_NATIONAL,0.0,0.0,0.375,10,0
2020-02-27,US,17,6,0,USA_NATIONAL,1.0,0.0,0.3529,11,1
2020-02-28,US,17,7,0,USA_NATIONAL,0.0,0.0,0.4118,10,0
2020-02-29,US,25,7,1,USA_NATIONAL,8.0,0.04,0.28,17,1
2020-03-01,US,32,7,1,USA_NATIONAL,7.0,0.0312,0.2188,24,1
2020-03-02,US,55,7,6,USA_NATIONAL,23.0,0.1091,0.1273,42,1
2020-03-03,US,74,7,7,USA_NATIONAL,19.0,0.0946,0.0946,60,1
2020-03-04,US,107,7,11,USA_NATIONAL,33.0,0.1028,0.0654,89,1
2020-03-05,US,184,7,12,USA_NATIONAL,77.0,0.0652,0.038,165,1
2020-03-06,US,237,7,14,USA_NATIONAL,53.0,0.0591,0.0295,216,1
2020-03-07,US,403,7,17,USA_NATIONAL,166.0,0.0422,0.0174,379,1
2020-03-08,US,519,7,21,USA_NATIONAL,116.0,0.0405,0.0135,491,1
2020-03-09,US,594,7,22,USA_NATIONAL,75.0,0.037,0.0118,565,0
2020-03-10,US,782,8,28,USA_NATIONAL,188.0,0.0358,0.0102,746,1
2020-03-11,US,1147,8,33,USA_NATIONAL,365.0,0.0288,0.007,1106,1
2020-03-12,US,1586,12,43,USA_NATIONAL,439.0,0.0271,0.0076,1531,1
2020-03-13,US,2219,12,51,USA_NATIONAL,633.0,0.023,0.0054,2156,1
2020-03-14,US,2978,12,58,USA_NATIONAL,759.0,0.0195,0.004,2908,1
2020-03-15,US,3212,12,70,USA_NATIONAL,234.0,0.0218,0.0037,3130,0
2020-03-16,US,4679,17,97,USA_NATIONAL,1467.0,0.0207,0.0036,4565,1
2020-03-17,US,6512,17,134,USA_NATIONAL,1833.0,0.0206,0.0026,6361,1
2020-03-18,US,9169,105,194,USA_NATIONAL,2657.0,0.0212,0.0115,8870,1
2020-03-19,US,13663,121,266,USA_NATIONAL,4494.0,0.0195,0.0089,13276,1
2020-03-20,US,20030,147,372,USA_NATIONAL,6367.0,0.0186,0.0073,19511,1
2020-03-21,US,26025,176,475,USA_NATIONAL,5995.0,0.0183,0.0068,25374,1
2020-03-22,US,34944,178,603,USA_NATIONAL,8919.0,0.0173,0.0051,34163,1
2020-03-23,US,46096,178,790,USA_NATIONAL,11152.0,0.0171,0.0039,45128,1
2020-03-24,US,56714,348,1033,USA_NATIONAL,10618.0,0.0182,0.0061,55333,0
2020-03-25,US,68841,361,1366,USA_NATIONAL,12127.0,0.0198,0.0052,67114,0
2020-03-26,US,86662,681,1783,USA_NATIONAL,17821.0,0.0206,0.0079,84198,1
2020-03-27,US,105253,869,2305,USA_NATIONAL,18591.0,0.0219,0.0083,102079,1
2020-03-28,US,127417,1072,3018,USA_NATIONAL,22164.0,0.0237,0.0084,123327,1
2020-03-29,US,143544,2665,3573,USA_NATIONAL,16127.0,0.0249,0.0186,137306,0
2020-03-30,US,165698,5644,4280,USA_NATIONAL,22154.0,0.0258,0.0341,155774,0
2020-03-31,US,192079,7024,5359,USA_NATIONAL,26381.0,0.0279,0.0366,179696,0
2020-04-01,US,223254,8474,6635,USA_NATIONAL,31175.0,0.0297,0.038,208145,0
2020-04-02,US,255530,9001,8142,USA_NATIONAL,32276.0,0.0319,0.0352,238387,0
2020-04-03,US,287931,9707,9562,USA_NATIONAL,32401.0,0.0332,0.0337,268662,0
2020-04-04,US,319776,14652,11165,USA_NATIONAL,31845.0,0.0349,0.0458,293959,0
2020-04-05,US,349016,17448,12781,USA_NATIONAL,29240.0,0.0366,0.05,318787,0
2020-04-06,US,380798,19581,14523,USA_NATIONAL,31782.0,0.0381,0.0514,346694,0
2020-04-07,US,410834,21763,17099,USA_NATIONAL,30036.0,0.0416,0.053,371972,0
2020-04-08,US,441897,23559,19249,USA_NATIONAL,31063.0,0.0436,0.0533,399089,0
2020-04-09,US,477507,25410,21463,USA_NATIONAL,35610.0,0.0449,0.0532,430634,0
2020-04-10,US,511790,28790,23649,USA_NATIONAL,34283.0,0.0462,0.0563,459351,0
2020-04-11,US,540714,31270,25785,USA_NATIONAL,28924.0,0.0477,0.0578,483659,0
2020-04-12,US,567022,32988,27674,USA_NATIONAL,26308.0,0.0488,0.0582,506360,0
2020-04-13,US,594165,43482,29657,USA_NATIONAL,27143.0,0.0499,0.0732,521026,0
2020-04-14,US,622493,47763,32132,USA_NATIONAL,28328.0,0.0516,0.0767,542598,0
2020-04-15,US,648390,52096,34730,USA_NATIONAL,25897.0,0.0536,0.0803,561564,0
2020-04-16,US,678028,54703,36913,USA_NATIONAL,29638.0,0.0544,0.0807,586412,0
2020-04-17,US,711135,58545,39008,USA_NATIONAL,33107.0,0.0549,0.0823,613582,0
2020-04-18,US,738464,64840,40954,USA_NATIONAL,27329.0,0.0555,0.0878,632670,0
2020-04-19,US,763886,70337,42934,USA_NATIONAL,25422.0,0.0562,0.0921,650615,0
2020-04-20,US,793970,72329,45179,USA_NATIONAL,30084.0,0.0569,0.0911,676462,0
2020-04-21,US,820045,75204,47662,USA_NATIONAL,26075.0,0.0581,0.0917,697179,0
2020-04-22,US,849926,77366,50128,USA_NATIONAL,29881.0,0.059,0.091,722432,0
2020-04-23,US,881891,80203,52542,USA_NATIONAL,31965.0,0.0596,0.0909,749146,0
2020-04-24,US,913856,99079,54711,USA_NATIONAL,31965.0,0.0599,0.1084,760066,0
2020-04-25,US,944770,100372,56445,USA_NATIONAL,30914.0,0.0597,0.1062,787953,0
2020-04-26,US,970741,106988,57850,USA_NATIONAL,25971.0,0.0596,0.1102,805903,0
2020-04-27,US,995390,111424,59330,USA_NATIONAL,24649.0,0.0596,0.1119,824636,0
2020-04-28,US,1019963,115936,61571,USA_NATIONAL,24573.0,0.0604,0.1137,842456,0
2020-04-29,US,1046815,120720,63962,USA_NATIONAL,26852.0,0.0611,0.1153,862133,0
2020-04-30,US,1076517,153947,66154,USA_NATIONAL,29702.0,0.0615,0.143,856416,0
2020-05-01,US,1111409,164015,68063,USA_NATIONAL,34892.0,0.0612,0.1476,879331,0
2020-05-02,US,1138174,175382,69804,USA_NATIONAL,26765.0,0.0613,0.1541,892988,0
2020-05-03,US,1161907,180152,71007,USA_NATIONAL,23733.0,0.0611,0.155,910748,0
2020-05-04,US,1185709,187180,72365,USA_NATIONAL,23802.0,0.061,0.1579,926164,0
2020-05-05,US,1209728,189791,74586,USA_NATIONAL,24019.0,0.0617,0.1569,945351,0
2020-05-06,US,1234210,189910,76905,USA_NATIONAL,24482.0,0.0623,0.1539,967395,0
2020-05-07,US,1261949,195036,78821,USA_NATIONAL,27739.0,0.0625,0.1546,988092,0
2020-05-08,US,1289132,198993,80593,USA_NATIONAL,27183.0,0.0625,0.1544,1009546,0
2020-05-09,US,1313586,212534,82058,USA_NATIONAL,24454.0,0.0625,0.1618,1018994,0
2020-05-10,US,1332332,216169,83059,USA_NATIONAL,18746.0,0.0623,0.1622,1033104,0
2020-05-11,US,1351409,232733,84093,USA_NATIONAL,19077.0,0.0622,0.1722,1034583,0
2020-05-12,US,1374791,230287,85682,USA_NATIONAL,23382.0,0.0623,0.1675,1058822,0
2020-05-13,US,1394806,243430,87416,USA_NATIONAL,20015.0,0.0627,0.1745,1063960,0
2020-05-14,US,1420696,246414,89197,USA_NATIONAL,25890.0,0.0628,0.1734,1085085,0
2020-05-15,US,1445547,250747,90862,USA_NATIONAL,24851.0,0.0629,0.1735,1103938,0
2020-05-16,US,1469597,268376,92060,USA_NATIONAL,24050.0,0.0626,0.1826,1109161,0
2020-05-17,US,1488326,272265,92891,USA_NATIONAL,18729.0,0.0624,0.1829,1123170,0
2020-05-18,US,1510634,283178,94110,USA_NATIONAL,22308.0,0.0623,0.1875,1133346,0
2020-05-19,US,1531136,289392,95555,USA_NATIONAL,20502.0,0.0624,0.189,1146189,0
2020-05-20,US,1553962,294312,97056,USA_NATIONAL,22826.0,0.0625,0.1894,1162594,0
2020-05-21,US,1579114,298418,98246,USA_NATIONAL,25152.0,0.0622,0.189,1182450,0
2020-05-22,US,1602942,350135,99450,USA_NATIONAL,23828.0,0.062,0.2184,1153357,0
2020-05-23,US,1623131,361239,100524,USA_NATIONAL,20189.0,0.0619,0.2226,1161368,0
2020-05-24,US,1643305,366736,101165,USA_NATIONAL,20174.0,0.0616,0.2232,1175404,0
2020-05-25,US,1662399,379157,101762,USA_NATIONAL,19094.0,0.0612,0.2281,1181480,0
2020-05-26,US,1681125,384902,102418,USA_NATIONAL,18726.0,0.0609,0.229,1193805,0
2020-05-27,US,1699888,391508,103896,USA_NATIONAL,18763.0,0.0611,0.2303,1204484,0
2020-05-28,US,1721155,399991,104985,USA_NATIONAL,21267.0,0.061,0.2324,1216179,0
2020-05-29,US,1746237,406446,106102,USA_NATIONAL,25082.0,0.0608,0.2328,1233689,0
2020-05-30,US,1769317,416461,107053,USA_NATIONAL,23080.0,0.0605,0.2354,1245803,0
2020-05-31,US,1788236,444758,107674,USA_NATIONAL,18919.0,0.0602,0.2487,1235804,0
2020-06-01,US,1806076,458231,108448,USA_NATIONAL,17840.0,0.06,0.2537,1239397,0
2020-06-02,US,1826166,463868,109428,USA_NATIONAL,20090.0,0.0599,0.254,1252870,0
2020-06-03,US,1845322,479258,110437,USA_NATIONAL,19156.0,0.0598,0.2597,1255627,0
2020-06-04,US,1873256,485002,111443,USA_NATIONAL,27934.0,0.0595,0.2589,1276811,0
2020-06-05,US,1899695,491706,112321,USA_NATIONAL,26439.0,0.0591,0.2588,1295668,0
2020-06-06,US,1919964,500849,112958,USA_NATIONAL,20269.0,0.0588,0.2609,1306157,0
2020-06-07,US,1937790,506367,113415,USA_NATIONAL,17826.0,0.0585,0.2613,1318008,0
2020-06-08,US,1954689,518522,113926,USA_NATIONAL,16899.0,0.0583,0.2653,1322241,0
2020-06-09,US,1975010,524855,114840,USA_NATIONAL,20321.0,0.0581,0.2657,1335315,0
2020-06-10,US,1996728,533504,115715,USA_NATIONAL,21718.0,0.058,0.2672,1347509,0
2020-06-11,US,2019006,540292,116532,USA_NATIONAL,22278.0,0.0577,0.2676,1362182,0
2020-06-12,US,2044564,547386,117357,USA_NATIONAL,25558.0,0.0574,0.2677,1379821,0
2020-06-13,US,2068721,556606,118077,USA_NATIONAL,24157.0,0.0571,0.2691,1394038,0
2020-06-14,US,2087622,561816,118425,USA_NATIONAL,18901.0,0.0567,0.2691,1407381,0
2020-06-15,US,2108621,576334,118826,USA_NATIONAL,20999.0,0.0564,0.2733,1413461,0
2020-06-16,US,2133170,583503,119612,USA_NATIONAL,24549.0,0.0561,0.2735,1430055,0
2020-06-17,US,2160220,592191,120359,USA_NATIONAL,27050.0,0.0557,0.2741,1447670,0
2020-06-18,US,2188447,599115,121059,USA_NATIONAL,28227.0,0.0553,0.2738,1468273,0
2020-06-19,US,2219501,606715,121693,USA_NATIONAL,31054.0,0.0548,0.2734,1491093,0
2020-06-20,US,2251327,617460,122257,USA_NATIONAL,31826.0,0.0543,0.2743,1511610,0
2020-06-21,US,2277163,622133,122574,USA_NATIONAL,25836.0,0.0538,0.2732,1532456,0
2020-06-22,US,2306964,640198,122952,USA_NATIONAL,29801.0,0.0533,0.2775,1543814,0
2020-06-23,US,2345694,647548,123691,USA_NATIONAL,38730.0,0.0527,0.2761,1574455,0
2020-06-24,US,2381945,656161,124446,USA_NATIONAL,36251.0,0.0522,0.2755,1601338,0
2020-06-25,US,2421243,663562,124994,USA_NATIONAL,39298.0,0.0516,0.2741,1632687,0
2020-06-26,US,2470289,670809,125620,USA_NATIONAL,49046.0,0.0509,0.2716,1673860,0
2020-06-27,US,2511043,679308,126116,USA_NATIONAL,40754.0,0.0502,0.2705,1705619,0
2020-06-28,US,2553968,685164,126437,USA_NATIONAL,42925.0,0.0495,0.2683,1742367,0
2020-06-29,US,2595264,705203,126806,USA_NATIONAL,41296.0,0.0489,0.2717,1763255,0
2020-06-30,US,2645088,720631,127365,USA_NATIONAL,49824.0,0.0482,0.2724,1797092,0
2020-07-01,US,2694210,729994,128063,USA_NATIONAL,49122.0,0.0475,0.2709,1836153,0
2020-07-02,US,2749154,781970,128802,USA_NATIONAL,54944.0,0.0469,0.2844,1838382,0
2020-07-03,US,2800657,790404,129479,USA_NATIONAL,51503.0,0.0462,0.2822,1880774,0
2020-07-04,US,2846602,894325,129781,USA_NATIONAL,45945.0,0.0456,0.3142,1822496,0
2020-07-05,US,2900332,906763,130104,USA_NATIONAL,53730.0,0.0449,0.3126,1863465,0
2020-07-06,US,2943498,924148,130475,USA_NATIONAL,43166.0,0.0443,0.314,1888875,0
2020-07-07,US,3000728,936476,131616,USA_NATIONAL,57230.0,0.0439,0.3121,1932636,0
2020-07-08,US,3061034,953462,132457,USA_NATIONAL,60306.0,0.0433,0.3115,1975115,0
2020-07-09,US,3120690,969111,133488,USA_NATIONAL,59656.0,0.0428,0.3105,2018091,0
2020-07-10,US,3189548,983185,134304,USA_NATIONAL,68858.0,0.0421,0.3083,2072059,0
2020-07-11,US,3249987,995576,135058,USA_NATIONAL,60439.0,0.0416,0.3063,2119353,0
2020-07-12,US,3310119,1006326,135531,USA_NATIONAL,60132.0,0.0409,0.304,2168262,0
2020-07-13,US,3369485,1031939,135966,USA_NATIONAL,59366.0,0.0404,0.3063,2201580,0
2020-07-14,US,3435147,1049098,136862,USA_NATIONAL,65662.0,0.0398,0.3054,2249187,0
2020-07-15,US,3501175,1075882,137827,USA_NATIONAL,66028.0,0.0394,0.3073,2287466,0
2020-07-16,US,3571990,1090645,138788,USA_NATIONAL,70815.0,0.0389,0.3053,2342557,0
2020-07-17,US,3638462,1107204,139703,USA_NATIONAL,66472.0,0.0384,0.3043,2391555,0
2020-07-18,US,3702784,1122720,140585,USA_NATIONAL,64322.0,0.038,0.3032,2439479,0
2020-07-19,US,3761716,1131121,141061,USA_NATIONAL,58932.0,0.0375,0.3007,2489534,0
2020-07-20,US,3822379,1160087,141590,USA_NATIONAL,60663.0,0.037,0.3035,2520702,0
2020-07-21,US,3890573,1182018,142686,USA_NATIONAL,68194.0,0.0367,0.3038,2565869,0
2020-07-22,US,3958119,1210849,143911,USA_NATIONAL,67546.0,0.0364,0.3059,2603359,0
2020-07-23,US,4026006,1233269,144997,USA_NATIONAL,67887.0,0.036,0.3063,2647740,0
2020-07-24,US,4101153,1261624,146091,USA_NATIONAL,75147.0,0.0356,0.3076,2693438,0
2020-07-25,US,4165354,1279414,147060,USA_NATIONAL,64201.0,0.0353,0.3072,2738880,0
2020-07-26,US,4221194,1297863,147594,USA_NATIONAL,55840.0,0.035,0.3075,2775737,0
2020-07-27,US,4280918,1325804,148694,USA_NATIONAL,59724.0,0.0347,0.3097,2806420,0
2020-07-28,US,4345748,1355363,149916,USA_NATIONAL,64830.0,0.0345,0.3119,2840469,0
2020-07-29,US,4409876,1389425,151356,USA_NATIONAL,64128.0,0.0343,0.3151,2869095,0
2020-07-30,US,4479120,1414155,152645,USA_NATIONAL,69244.0,0.0341,0.3157,2912320,0
2020-07-31,US,4543696,1438160,153828,USA_NATIONAL,64576.0,0.0339,0.3165,2951708,0
2020-08-01,US,4601276,1461885,154947,USA_NATIONAL,57580.0,0.0337,0.3177,2984444,0
2020-08-02,US,4648385,1468689,155404,USA_NATIONAL,47109.0,0.0334,0.316,3024292,0
2020-08-03,US,4690071,1513446,155963,USA_NATIONAL,41686.0,0.0333,0.3227,3020662,0
2020-08-04,US,4751729,1528979,157218,USA_NATIONAL,61658.0,0.0331,0.3218,3065532,0
2020-08-05,US,4806078,1577851,158626,USA_NATIONAL,54349.0,0.033,0.3283,3069601,0
2020-08-06,US,4866258,1598624,159807,USA_NATIONAL,60180.0,0.0328,0.3285,3107827,0
2020-08-07,US,4926845,1623870,161098,USA_NATIONAL,60587.0,0.0327,0.3296,3141877,0
2020-08-08,US,4990778,1643118,162185,USA_NATIONAL,63933.0,0.0325,0.3292,3185475,0
2020-08-09,US,5045045,1656864,162757,USA_NATIONAL,54267.0,0.0323,0.3284,3225424,0
2020-08-10,US,5096662,1670755,163274,USA_NATIONAL,51617.0,0.032,0.3278,3262633,0
2020-08-11,US,5153618,1714960,164371,USA_NATIONAL,56956.0,0.0319,0.3328,3274287,0
2020-08-12,US,5208863,1753760,165886,USA_NATIONAL,55245.0,0.0318,0.3367,3289217,0
2020-08-13,US,5260520,1774648,166924,USA_NATIONAL,51657.0,0.0317,0.3374,3318948,0
2020-08-14,US,5330645,1796326,168233,USA_NATIONAL,70125.0,0.0316,0.337,3366086,0
2020-08-15,US,5383041,1818527,169278,USA_NATIONAL,52396.0,0.0314,0.3378,3395236,0
2020-08-16,US,5417703,1833067,169886,USA_NATIONAL,34662.0,0.0314,0.3383,3414750,0
2020-08-17,US,5455552,1865580,170355,USA_NATIONAL,37849.0,0.0312,0.342,3419617,0
2020-08-18,US,5500454,1898159,171580,USA_NATIONAL,44902.0,0.0312,0.3451,3430715,0
2020-08-19,US,5546338,1925049,172269,USA_NATIONAL,45884.0,0.0311,0.3471,3449020,0
2020-08-20,US,5591469,1947035,173369,USA_NATIONAL,45131.0,0.031,0.3482,3471065,0
2020-08-21,US,5639060,1965056,174461,USA_NATIONAL,47591.0,0.0309,0.3485,3499543,0
2020-08-22,US,5684735,1985484,175427,USA_NATIONAL,45675.0,0.0309,0.3493,3523824,0
2020-08-23,US,5716646,1997761,175922,USA_NATIONAL,31911.0,0.0308,0.3495,3542963,0
2020-08-24,US,5750569,2020774,176345,USA_NATIONAL,33923.0,0.0307,0.3514,3553450,0
2020-08-25,US,5793243,2053699,177571,USA_NATIONAL,42674.0,0.0307,0.3545,3561973,0
2020-08-26,US,5835318,2084465,178728,USA_NATIONAL,42075.0,0.0306,0.3572,3572125,0
2020-08-27,US,5885836,2101326,179827,USA_NATIONAL,50518.0,0.0306,0.357,3604683,0
2020-08-28,US,5932307,2118367,180755,USA_NATIONAL,46471.0,0.0305,0.3571,3633185,0
2020-08-29,US,5975408,2140614,181731,USA_NATIONAL,43101.0,0.0304,0.3582,3653063,0
2020-08-30,US,6009539,2153939,182171,USA_NATIONAL,34131.0,0.0303,0.3584,3673429,0
2020-08-31,US,6042902,2184825,182656,USA_NATIONAL,33363.0,0.0302,0.3616,3675421,0
2020-09-01,US,6084880,2202663,183718,USA_NATIONAL,41978.0,0.0302,0.362,3698499,0
2020-09-02,US,6124841,2231757,184777,USA_NATIONAL,39961.0,0.0302,0.3644,3708307,0
2020-09-03,US,6169982,2266957,185794,USA_NATIONAL,45141.0,0.0301,0.3674,3717231,0
2020-09-04,US,6218318,2283454,186757,USA_NATIONAL,48336.0,0.03,0.3672,3748107,0
2020-09-05,US,6261943,2302187,187562,USA_NATIONAL,43625.0,0.03,0.3676,3772194,0
2020-09-06,US,6291062,2315995,187996,USA_NATIONAL,29119.0,0.0299,0.3681,3787071,0
2020-09-07,US,6315625,2333551,188313,USA_NATIONAL,24563.0,0.0298,0.3695,3793761,0
2020-09-08,US,6342372,2359111,188778,USA_NATIONAL,26747.0,0.0298,0.372,3794483,0
2020-09-09,US,6376010,2387479,189880,USA_NATIONAL,33638.0,0.0298,0.3744,3798651,0
2020-09-10,US,6415458,2403511,190786,USA_NATIONAL,39448.0,0.0297,0.3746,3821161,0
2020-09-11,US,6460081,2417878,191934,USA_NATIONAL,44623.0,0.0297,0.3743,3850269,0
2020-09-12,US,6505665,2434658,192669,USA_NATIONAL,45584.0,0.0296,0.3742,3878338,0
2020-09-13,US,6545957,2451406,193060,USA_NATIONAL,40292.0,0.0295,0.3745,3901491,0
2020-09-14,US,6578522,2474570,193479,USA_NATIONAL,32565.0,0.0294,0.3762,3910473,0
2020-09-15,US,6615700,2495127,194677,USA_NATIONAL,37178.0,0.0294,0.3772,3925896,0
2020-09-16,US,6653992,2525573,195614,USA_NATIONAL,38292.0,0.0294,0.3796,3932805,0
2020-09-17,US,6699310,2540334,196469,USA_NATIONAL,45318.0,0.0293,0.3792,3962507,0
2020-09-18,US,6749496,2556465,197425,USA_NATIONAL,50186.0,0.0293,0.3788,3995606,0
2020-09-19,US,6795273,2577446,198120,USA_NATIONAL,45777.0,0.0292,0.3793,4019707,0
2020-09-20,US,6836883,2590671,198379,USA_NATIONAL,41610.0,0.029,0.3789,4047833,0
2020-09-21,US,6868927,2615949,198785,USA_NATIONAL,32044.0,0.0289,0.3808,4054193,0
2020-09-22,US,6907199,2646959,199811,USA_NATIONAL,38272.0,0.0289,0.3832,4060429,0
2020-09-23,US,6948318,2670256,200858,USA_NATIONAL,41119.0,0.0289,0.3843,4077204,0
2020-09-24,US,6997199,2710183,201753,USA_NATIONAL,48881.0,0.0288,0.3873,4085263,0
2020-09-25,US,7044336,2727335,202662,USA_NATIONAL,47137.0,0.0288,0.3872,4114339,0
2020-09-26,US,7087884,2750459,203434,USA_NATIONAL,43548.0,0.0287,0.3881,4133991,0
2020-09-27,US,7121663,2766280,203736,USA_NATIONAL,33779.0,0.0286,0.3884,4151647,0
2020-09-28,US,7159403,2794608,204070,USA_NATIONAL,37740.0,0.0285,0.3903,4160725,0
2020-09-29,US,7201437,2813305,204965,USA_NATIONAL,42034.0,0.0285,0.3907,4183167,0
2020-09-30,US,7240070,2840688,205872,USA_NATIONAL,38633.0,0.0284,0.3924,4193510,0
2020-10-01,US,7286316,2860650,206769,USA_NATIONAL,46246.0,0.0284,0.3926,4218897,0
2020-10-02,US,7339761,2873369,207604,USA_NATIONAL,53445.0,0.0283,0.3915,4258788,0
2020-10-03,US,7389041,2897322,208275,USA_NATIONAL,49280.0,0.0282,0.3921,4283444,0
2020-10-04,US,7422172,2911699,208644,USA_NATIONAL,33131.0,0.0281,0.3923,4301829,0
2020-10-05,US,7459530,2935142,209114,USA_NATIONAL,37358.0,0.028,0.3935,4315274,0
2020-10-06,US,7504076,2952390,209810,USA_NATIONAL,44546.0,0.028,0.3934,4341876,0
2020-10-07,US,7553214,2999895,210715,USA_NATIONAL,49138.0,0.0279,0.3972,4342604,0
2020-10-08,US,7611105,3021252,211692,USA_NATIONAL,57891.0,0.0278,0.397,4378161,0
2020-10-09,US,7666185,3039089,212659,USA_NATIONAL,55080.0,0.0277,0.3964,4414437,0
2020-10-10,US,7721553,3062983,213312,USA_NATIONAL,55368.0,0.0276,0.3967,4445258,0
2020-10-11,US,7768453,3075077,213769,USA_NATIONAL,46900.0,0.0275,0.3958,4479607,0
2020-10-12,US,7810535,3106728,214159,USA_NATIONAL,42082.0,0.0274,0.3978,4489648,0
2020-10-13,US,7860659,3124593,214931,USA_NATIONAL,50124.0,0.0273,0.3975,4521135,0
2020-10-14,US,7919101,3155794,215920,USA_NATIONAL,58442.0,0.0273,0.3985,4547387,0
2020-10-15,US,7982638,3177397,216748,USA_NATIONAL,63537.0,0.0272,0.398,4588493,0
2020-10-16,US,8052813,3197539,217674,USA_NATIONAL,70175.0,0.027,0.3971,4637600,0
2020-10-17,US,8107645,3220573,218483,USA_NATIONAL,54832.0,0.0269,0.3972,4668589,0
2020-10-18,US,8159818,3234138,218941,USA_NATIONAL,52173.0,0.0268,0.3963,4706739,0
2020-10-19,US,8227702,3272603,219420,USA_NATIONAL,67884.0,0.0267,0.3978,4735679,0
2020-10-20,US,8289442,3295148,220353,USA_NATIONAL,61740.0,0.0266,0.3975,4773941,0
2020-10-21,US,8350148,3323354,221510,USA_NATIONAL,60706.0,0.0265,0.398,4805284,0
2020-10-22,US,8429769,3353056,222348,USA_NATIONAL,79621.0,0.0264,0.3978,4854365,0
2020-10-23,US,8511431,3375427,223293,USA_NATIONAL,81662.0,0.0262,0.3966,4912711,0
2020-10-24,US,8589807,3406656,224253,USA_NATIONAL,78376.0,0.0261,0.3966,4958898,0
2020-10-25,US,8650782,3422878,224698,USA_NATIONAL,60975.0,0.026,0.3957,5003206,0
2020-10-26,US,8715346,3460455,225212,USA_NATIONAL,64564.0,0.0258,0.3971,5029679,0
2020-10-27,US,8792570,3487666,226219,USA_NATIONAL,77224.0,0.0257,0.3967,5078685,0
2020-10-28,US,8879046,3518140,227229,USA_NATIONAL,86476.0,0.0256,0.3962,5133677,0
2020-10-29,US,8970339,3554336,228217,USA_NATIONAL,91293.0,0.0254,0.3962,5187786,0
2020-10-30,US,9070188,3578452,229272,USA_NATIONAL,99849.0,0.0253,0.3945,5262464,0
2020-10-31,US,9157531,3612478,230195,USA_NATIONAL,87343.0,0.0251,0.3945,5314858,0
2020-11-01,US,9235361,3630579,230684,USA_NATIONAL,77830.0,0.025,0.3931,5374098,0
2020-11-02,US,9317169,3674981,231238,USA_NATIONAL,81808.0,0.0248,0.3944,5410950,0
2020-11-03,US,9441936,3705130,232833,USA_NATIONAL,124767.0,0.0247,0.3924,5503973,0
2020-11-04,US,9542200,3743527,233941,USA_NATIONAL,100264.0,0.0245,0.3923,5564732,0
2020-11-05,US,9670281,3781751,235100,USA_NATIONAL,128081.0,0.0243,0.3911,5653430,0
2020-11-06,US,9797339,3810791,236306,USA_NATIONAL,127058.0,0.0241,0.389,5750242,0
2020-11-07,US,9924404,3851465,237413,USA_NATIONAL,127065.0,0.0239,0.3881,5835526,0
2020-11-08,US,10044078,3881491,237966,USA_NATIONAL,119674.0,0.0237,0.3864,5924621,0
2020-11-09,US,10161034,3928845,238724,USA_NATIONAL,116956.0,0.0235,0.3867,5993465,0
2020-11-10,US,10297589,3961873,240132,USA_NATIONAL,136555.0,0.0233,0.3847,6095584,0
2020-11-11,US,10445272,3997175,241554,USA_NATIONAL,147683.0,0.0231,0.3827,6206543,0
2020-11-12,US,10604069,4051256,242749,USA_NATIONAL,158797.0,0.0229,0.382,6310064,0
2020-11-13,US,10783587,4095146,243944,USA_NATIONAL,179518.0,0.0226,0.3798,6444497,0
2020-11-14,US,10947637,4148444,245304,USA_NATIONAL,164050.0,0.0224,0.3789,6553889,0
2020-11-15,US,11087354,4174884,246071,USA_NATIONAL,139717.0,0.0222,0.3765,6666399,0
2020-11-16,US,11240441,4244811,246885,USA_NATIONAL,153087.0,0.022,0.3776,6748745,0
2020-11-17,US,11405087,4293640,248587,USA_NATIONAL,164646.0,0.0218,0.3765,6862860,0
2020-11-18,US,11577056,4350789,250505,USA_NATIONAL,171969.0,0.0216,0.3758,6975762,0
2020-11-19,US,11769359,4410709,252534,USA_NATIONAL,192303.0,0.0215,0.3748,7106116,0
2020-11-20,US,11971026,4457930,254469,USA_NATIONAL,201667.0,0.0213,0.3724,7258627,0
2020-11-21,US,12150847,4529700,256106,USA_NATIONAL,179821.0,0.0211,0.3728,7365041,0
2020-11-22,US,12297434,4526513,257157,USA_NATIONAL,146587.0,0.0209,0.3681,7513764,0
2020-11-23,US,12478945,4633600,258222,USA_NATIONAL,181511.0,0.0207,0.3713,7587123,0
2020-11-24,US,12652507,4696664,260354,USA_NATIONAL,173562.0,0.0206,0.3712,7695489,0
2020-11-25,US,12832721,4835956,262590,USA_NATIONAL,180214.0,0.0205,0.3768,7734175,0
2020-11-26,US,12949971,4871203,263993,USA_NATIONAL,117250.0,0.0204,0.3762,7814775,0
2020-11-27,US,13164608,4947446,265537,USA_NATIONAL,214637.0,0.0202,0.3758,7951625,0
2020-11-28,US,13332834,5023063,266886,USA_NATIONAL,168226.0,0.02,0.3767,8042885,0
2020-11-29,US,13473178,5065030,267921,USA_NATIONAL,140344.0,0.0199,0.3759,8140227,0
2020-11-30,US,13628096,5146319,269230,USA_NATIONAL,154918.0,0.0198,0.3776,8212547,0
2020-12-01,US,13825212,5226581,271777,USA_NATIONAL,197116.0,0.0197,0.378,8326854,0
2020-12-02,US,14021377,5322128,274587,USA_NATIONAL,196165.0,0.0196,0.3796,8424662,0
2020-12-03,US,14241608,5404018,277534,USA_NATIONAL,220231.0,0.0195,0.3795,8560056,0
2020-12-04,US,14476983,5470389,280142,USA_NATIONAL,235375.0,0.0194,0.3779,8726452,0
2020-12-05,US,14698992,5576026,282524,USA_NATIONAL,222009.0,0.0192,0.3793,8840442,0
2020-12-06,US,14878319,5624444,283913,USA_NATIONAL,179327.0,0.0191,0.378,8969962,0
2020-12-07,US,15073780,5714557,285471,USA_NATIONAL,195461.0,0.0189,0.3791,9073752,0
2020-12-08,US,15300837,5786915,288044,USA_NATIONAL,227057.0,0.0188,0.3782,9225878,0
2020-12-09,US,15516852,5889896,291207,USA_NATIONAL,216015.0,0.0188,0.3796,9335749,0
2020-12-10,US,15753796,5985047,294184,USA_NATIONAL,236944.0,0.0187,0.3799,9474565,0
2020-12-11,US,15992706,6135314,297553,USA_NATIONAL,238910.0,0.0186,0.3836,9559839,0
2020-12-12,US,16217240,6246605,300077,USA_NATIONAL,224534.0,0.0185,0.3852,9670558,0
2020-12-13,US,16408837,6298082,301731,USA_NATIONAL,191597.0,0.0184,0.3838,9809024,0
2020-12-14,US,16618677,0,303376,USA_NATIONAL,209840.0,0.0183,0.0,16315301,0
2020-12-15,US,16844993,0,306342,USA_NATIONAL,226316.0,0.0182,0.0,16538651,0
2020-12-16,US,17079802,0,310064,USA_NATIONAL,234809.0,0.0182,0.0,16769738,0
2020-12-17,US,17320054,0,313509,USA_NATIONAL,240252.0,0.0181,0.0,17006545,0
2020-12-18,US,17568005,0,316439,USA_NATIONAL,247951.0,0.018,0.0,17251566,0
2020-12-19,US,17773856,0,319243,USA_NATIONAL,205851.0,0.018,0.0,17454613,0
2020-12-20,US,17961053,0,320945,USA_NATIONAL,187197.0,0.0179,0.0,17640108,0
2020-12-21,US,18157913,0,322737,USA_NATIONAL,196860.0,0.0178,0.0,17835176,0
2020-12-22,US,18363849,0,326029,USA_NATIONAL,205936.0,0.0178,0.0,18037820,0
2020-12-23,US,18585289,0,329399,USA_NATIONAL,221440.0,0.0177,0.0,18255890,0
2020-12-24,US,18798236,0,332313,USA_NATIONAL,212947.0,0.0177,0.0,18465923,0
2020-12-25,US,18925408,0,333823,USA_NATIONAL,127172.0,0.0176,0.0,18591585,0
2020-12-26,US,19142846,0,335731,USA_NATIONAL,217438.0,0.0175,0.0,18807115,0
2020-12-27,US,19278802,0,337162,USA_NATIONAL,135956.0,0.0175,0.0,18941640,0
2020-12-28,US,19452104,0,339028,USA_NATIONAL,173302.0,0.0174,0.0,19113076,0
2020-12-29,US,19658082,0,342639,USA_NATIONAL,205978.0,0.0174,0.0,19315443,0
2020-12-30,US,19876375,0,346543,USA_NATIONAL,218293.0,0.0174,0.0,19529832,0
2020-12-31,US,20191459,0,349854,USA_NATIONAL,315084.0,0.0173,0.0,19841605,1
2021-01-01,US,20370367,0,352096,USA_NATIONAL,178908.0,0.0173,0.0,20018271,0
2021-01-02,US,20642648,0,354636,USA_NATIONAL,272281.0,0.0172,0.0,20288012,0
2021-01-03,US,20846039,0,356059,USA_NATIONAL,203391.0,0.0171,0.0,20489980,0
2021-01-04,US,21031555,0,358032,USA_NATIONAL,185516.0,0.017,0.0,20673523,0
2021-01-05,US,21264419,0,361626,USA_NATIONAL,232864.0,0.017,0.0,20902793,0
2021-01-06,US,21524179,0,365536,USA_NATIONAL,259760.0,0.017,0.0,21158643,0
2021-01-07,US,21810433,0,369549,USA_NATIONAL,286254.0,0.0169,0.0,21440884,0
2021-01-08,US,22114510,0,373727,USA_NATIONAL,304077.0,0.0169,0.0,21740783,0
2021-01-09,US,22379262,0,376962,USA_NATIONAL,264752.0,0.0168,0.0,22002300,0
2021-01-10,US,22590111,0,379050,USA_NATIONAL,210849.0,0.0168,0.0,22211061,0
2021-01-11,US,22794080,0,380884,USA_NATIONAL,203969.0,0.0167,0.0,22413196,0
2021-01-12,US,23015894,0,385252,USA_NATIONAL,221814.0,0.0167,0.0,22630642,0
2021-01-13,US,23245238,0,389264,USA_NATIONAL,229344.0,0.0167,0.0,22855974,0
2021-01-14,US,23480819,0,393040,USA_NATIONAL,235581.0,0.0167,0.0,23087779,0
2021-01-15,US,23725816,0,396848,USA_NATIONAL,244997.0,0.0167,0.0,23328968,0
2021-01-16,US,23943499,0,400409,USA_NATIONAL,217683.0,0.0167,0.0,23543090,0
2021-01-17,US,24120058,0,402396,USA_NATIONAL,176559.0,0.0167,0.0,23717662,0
2021-01-18,US,24260884,0,403957,USA_NATIONAL,140826.0,0.0167,0.0,23856927,0
2021-01-19,US,24417785,0,406346,USA_NATIONAL,156901.0,0.0166,0.0,24011439,0
2021-01-20,US,24605182,0,410777,USA_NATIONAL,187397.0,0.0167,0.0,24194405,0
2021-01-21,US,24797743,0,414895,USA_NATIONAL,192561.0,0.0167,0.0,24382848,0
2021-01-22,US,24989518,0,418671,USA_NATIONAL,191775.0,0.0168,0.0,24570847,0
2021-01-23,US,25167699,0,422205,USA_NATIONAL,178181.0,0.0168,0.0,24745494,0
2021-01-24,US,25307842,0,424047,USA_NATIONAL,140143.0,0.0168,0.0,24883795,0
2021-01-25,US,25437444,0,425810,USA_NATIONAL,129602.0,0.0167,0.0,25011634,0
2021-01-26,US,25588454,0,429781,USA_NATIONAL,151010.0,0.0168,0.0,25158673,0
2021-01-27,US,25743910,0,433893,USA_NATIONAL,155456.0,0.0169,0.0,25310017,0
2021-01-28,US,25910675,0,437720,USA_NATIONAL,166765.0,0.0169,0.0,25472955,0
2021-01-29,US,26074413,0,441297,USA_NATIONAL,163738.0,0.0169,0.0,25633116,0
2021-01-30,US,26225350,0,444167,USA_NATIONAL,150937.0,0.0169,0.0,25781183,0
2021-01-31,US,26338205,0,446110,USA_NATIONAL,112855.0,0.0169,0.0,25892095,0
2021-02-01,US,26463526,0,447878,USA_NATIONAL,125321.0,0.0169,0.0,26015648,0
2021-02-02,US,26580556,0,451401,USA_NATIONAL,117030.0,0.017,0.0,26129155,0
2021-02-03,US,26704926,0,455287,USA_NATIONAL,124370.0,0.017,0.0,26249639,0
2021-02-04,US,26829960,0,459188,USA_NATIONAL,125034.0,0.0171,0.0,26370772,0
2021-02-05,US,26961070,0,462860,USA_NATIONAL,131110.0,0.0172,0.0,26498210,0
2021-02-06,US,27077929,0,465592,USA_NATIONAL,116859.0,0.0172,0.0,26612337,0
2021-02-07,US,27167357,0,467057,USA_NATIONAL,89428.0,0.0172,0.0,26700300,0
2021-02-08,US,27250158,0,468498,USA_NATIONAL,82801.0,0.0172,0.0,26781660,0
2021-02-09,US,27345537,0,471533,USA_NATIONAL,95379.0,0.0172,0.0,26874004,0
2021-02-10,US,27440818,0,474927,USA_NATIONAL,95281.0,0.0173,0.0,26965891,0
2021-02-11,US,27547593,0,478092,USA_NATIONAL,106775.0,0.0174,0.0,27069501,0
2021-02-12,US,27648176,0,480934,USA_NATIONAL,100583.0,0.0174,0.0,27167242,0
2021-02-13,US,27738936,0,483203,USA_NATIONAL,90760.0,0.0174,0.0,27255733,0
2021-02-14,US,27807242,0,484378,USA_NATIONAL,68306.0,0.0174,0.0,27322864,0
2021-02-15,US,27862692,0,485316,USA_NATIONAL,55450.0,0.0174,0.0,27377376,0
2021-02-16,US,27921916,0,486948,USA_NATIONAL,59224.0,0.0174,0.0,27434968,0
2021-02-17,US,27990762,0,489370,USA_NATIONAL,68846.0,0.0175,0.0,27501392,0
2021-02-18,US,28063341,0,491951,USA_NATIONAL,72579.0,0.0175,0.0,27571390,0
2021-02-19,US,28138493,0,494474,USA_NATIONAL,75152.0,0.0176,0.0,27644019,0
2021-02-20,US,28212275,0,496382,USA_NATIONAL,73782.0,0.0176,0.0,27715893,0
2021-02-21,US,28267539,0,497585,USA_NATIONAL,55264.0,0.0176,0.0,27769954,0
2021-02-22,US,28323023,0,498780,USA_NATIONAL,55484.0,0.0176,0.0,27824243,0
2021-02-23,US,28396884,0,501048,USA_NATIONAL,73861.0,0.0176,0.0,27895836,0
2021-02-24,US,28471907,0,504279,USA_NATIONAL,75023.0,0.0177,0.0,27967628,0
2021-02-25,US,28549184,0,506699,USA_NATIONAL,77277.0,0.0177,0.0,28042485,0
2021-02-26,US,28624603,0,508838,USA_NATIONAL,75419.0,0.0178,0.0,28115765,0
2021-02-27,US,28695889,0,510345,USA_NATIONAL,71286.0,0.0178,0.0,28185544,0
2021-02-28,US,28747650,0,511429,USA_NATIONAL,51761.0,0.0178,0.0,28236221,0
2021-03-01,US,28798094,0,512736,USA_NATIONAL,50444.0,0.0178,0.0,28285358,0
2021-03-02,US,28856511,0,514653,USA_NATIONAL,58417.0,0.0178,0.0,28341858,0
2021-03-03,US,28923564,0,517185,USA_NATIONAL,67053.0,0.0179,0.0,28406379,0
2021-03-04,US,28992510,0,519110,USA_NATIONAL,68946.0,0.0179,0.0,28473400,0
2021-03-05,US,29060390,0,520822,USA_NATIONAL,67880.0,0.0179,0.0,28539568,0
2021-03-06,US,29121421,0,522325,USA_NATIONAL,61031.0,0.0179,0.0,28599096,0
2021-03-07,US,29163030,0,523015,USA_NATIONAL,41609.0,0.0179,0.0,28640015,0
2021-03-08,US,29207128,0,523709,USA_NATIONAL,44098.0,0.0179,0.0,28683419,0
2021-03-09,US,29262633,0,525485,USA_NATIONAL,55505.0,0.018,0.0,28737148,0
2021-03-10,US,29320406,0,527025,USA_NATIONAL,57773.0,0.018,0.0,28793381,0
2021-03-11,US,29382197,0,528578,USA_NATIONAL,61791.0,0.018,0.0,28853619,0
2021-03-12,US,29444801,0,529991,USA_NATIONAL,62604.0,0.018,0.0,28914810,0
2021-03-13,US,29501621,0,530960,USA_NATIONAL,56820.0,0.018,0.0,28970661,0
2021-03-14,US,29540897,0,531470,USA_NATIONAL,39276.0,0.018,0.0,29009427,0
2021-03-15,US,29591931,0,532163,USA_NATIONAL,51034.0,0.018,0.0,29059768,0
2021-03-16,US,29645996,0,533418,USA_NATIONAL,54065.0,0.018,0.0,29112578,0
2021-03-17,US,29705270,0,534607,USA_NATIONAL,59274.0,0.018,0.0,29170663,0
2021-03-18,US,29767659,0,536240,USA_NATIONAL,62389.0,0.018,0.0,29231419,0
2021-03-19,US,29829293,0,537263,USA_NATIONAL,61634.0,0.018,0.0,29292030,0
2021-03-20,US,29888158,0,538027,USA_NATIONAL,58865.0,0.018,0.0,29350131,0
2021-03-21,US,29923536,0,538743,USA_NATIONAL,35378.0,0.018,0.0,29384793,0
2021-03-22,US,29970963,0,539291,USA_NATIONAL,47427.0,0.018,0.0,29431672,0
2021-03-23,US,30023822,0,540235,USA_NATIONAL,52859.0,0.018,0.0,29483587,0
2021-03-24,US,30111580,0,541693,USA_NATIONAL,87758.0,0.018,0.0,29569887,1
2021-03-25,US,30179209,0,543040,USA_NATIONAL,67629.0,0.018,0.0,29636169,0
2021-03-26,US,30255581,0,544193,USA_NATIONAL,76372.0,0.018,0.0,29711388,0
2021-03-27,US,30319636,0,544999,USA_NATIONAL,64055.0,0.018,0.0,29774637,0
2021-03-28,US,30365956,0,545440,USA_NATIONAL,46320.0,0.018,0.0,29820516,0
2021-03-29,US,30431828,0,546065,USA_NATIONAL,65872.0,0.0179,0.0,29885763,0
2021-03-30,US,30493519,0,546959,USA_NATIONAL,61691.0,0.0179,0.0,29946560,0
2021-03-31,US,30563051,0,548034,USA_NATIONAL,69532.0,0.0179,0.0,30015017,0
2021-04-01,US,30639910,0,549135,USA_NATIONAL,76859.0,0.0179,0.0,30090775,0
2021-04-02,US,30713935,0,550020,USA_NATIONAL,74025.0,0.0179,0.0,30163915,0
2021-04-03,US,30778816,0,550772,USA_NATIONAL,64881.0,0.0179,0.0,30228044,0
2021-04-04,US,30816739,0,551082,USA_NATIONAL,37923.0,0.0179,0.0,30265657,0
2021-04-05,US,30883829,0,551540,USA_NATIONAL,67090.0,0.0179,0.0,30332289,0
2021-04-06,US,30946656,0,552367,USA_NATIONAL,62827.0,0.0178,0.0,30394289,0
2021-04-07,US,31022434,0,554967,USA_NATIONAL,75778.0,0.0179,0.0,30467467,0
2021-04-08,US,31102499,0,555994,USA_NATIONAL,80065.0,0.0179,0.0,30546505,0
2021-04-09,US,31187252,0,556901,USA_NATIONAL,84753.0,0.0179,0.0,30630351,0
2021-04-10,US,31257787,0,557659,USA_NATIONAL,70535.0,0.0178,0.0,30700128,0
2021-04-11,US,31305243,0,557947,USA_NATIONAL,47456.0,0.0178,0.0,30747296,0
2021-04-12,US,31367427,0,558390,USA_NATIONAL,62184.0,0.0178,0.0,30809037,0
2021-04-13,US,31448268,0,559269,USA_NATIONAL,80841.0,0.0178,0.0,30888999,0
2021-04-14,US,31523873,0,560202,USA_NATIONAL,75605.0,0.0178,0.0,30963671,0
2021-04-15,US,31597853,0,561110,USA_NATIONAL,73980.0,0.0178,0.0,31036743,0
2021-04-16,US,31681326,0,561975,USA_NATIONAL,83473.0,0.0177,0.0,31119351,0
2021-04-17,US,31736814,0,562680,USA_NATIONAL,55488.0,0.0177,0.0,31174134,0
2021-04-18,US,31780644,0,563027,USA_NATIONAL,43830.0,0.0177,0.0,31217617,0
2021-04-19,US,31839194,0,563514,USA_NATIONAL,58550.0,0.0177,0.0,31275680,0
2021-04-20,US,31901634,0,564360,USA_NATIONAL,62440.0,0.0177,0.0,31337274,0
2021-04-21,US,31965981,0,565251,USA_NATIONAL,64347.0,0.0177,0.0,31400730,0
2021-04-22,US,32032699,0,566190,USA_NATIONAL,66718.0,0.0177,0.0,31466509,0
2021-04-23,US,32095595,0,566942,USA_NATIONAL,62896.0,0.0177,0.0,31528653,0
2021-04-24,US,32150567,0,567699,USA_NATIONAL,54972.0,0.0177,0.0,31582868,0
2021-04-25,US,32185336,0,567999,USA_NATIONAL,34769.0,0.0176,0.0,31617337,0
2021-04-26,US,32227622,0,568472,USA_NATIONAL,42286.0,0.0176,0.0,31659150,0
2021-04-27,US,32279906,0,569147,USA_NATIONAL,52284.0,0.0176,0.0,31710759,0
2021-04-28,US,32335093,0,570148,USA_NATIONAL,55187.0,0.0176,0.0,31764945,0
2021-04-29,US,32393919,0,571033,USA_NATIONAL,58826.0,0.0176,0.0,31822886,0
2021-04-30,US,32452021,0,571837,USA_NATIONAL,58102.0,0.0176,0.0,31880184,0
2021-05-01,US,32500798,0,572583,USA_NATIONAL,48777.0,0.0176,0.0,31928215,0
2021-05-02,US,32531353,0,572905,USA_NATIONAL,30555.0,0.0176,0.0,31958448,0
2021-05-03,US,32575974,0,573379,USA_NATIONAL,44621.0,0.0176,0.0,32002595,0
2021-05-04,US,32618870,0,574291,USA_NATIONAL,42896.0,0.0176,0.0,32044579,0
2021-05-05,US,32664914,0,575107,USA_NATIONAL,46044.0,0.0176,0.0,32089807,0
2021-05-06,US,32711094,0,575930,USA_NATIONAL,46180.0,0.0176,0.0,32135164,0
2021-05-07,US,32759508,0,576747,USA_NATIONAL,48414.0,0.0176,0.0,32182761,0
2021-05-08,US,32795165,0,577383,USA_NATIONAL,35657.0,0.0176,0.0,32217782,0
2021-05-09,US,32818035,0,577640,USA_NATIONAL,22870.0,0.0176,0.0,32240395,0
2021-05-10,US,32850412,0,578029,USA_NATIONAL,32377.0,0.0176,0.0,32272383,0
2021-05-11,US,32885890,0,578724,USA_NATIONAL,35478.0,0.0176,0.0,32307166,0
2021-05-12,US,32922041,0,579521,USA_NATIONAL,36151.0,0.0176,0.0,32342520,0
2021-05-13,US,32960778,0,580311,USA_NATIONAL,38737.0,0.0176,0.0,32380467,0
2021-05-14,US,33002995,0,580938,USA_NATIONAL,42217.0,0.0176,0.0,32422057,0
2021-05-15,US,33033753,0,581469,USA_NATIONAL,30758.0,0.0176,0.0,32452284,0
2021-05-16,US,33051445,0,581736,USA_NATIONAL,17692.0,0.0176,0.0,32469709,0
2021-05-17,US,33076688,0,582129,USA_NATIONAL,25243.0,0.0176,0.0,32494559,0
2021-05-18,US,33105606,0,582912,USA_NATIONAL,28918.0,0.0176,0.0,32522694,0
2021-05-19,US,33135210,0,583586,USA_NATIONAL,29604.0,0.0176,0.0,32551624,0
2021-05-20,US,33165429,0,584272,USA_NATIONAL,30219.0,0.0176,0.0,32581157,0
2021-05-21,US,33194254,0,584895,USA_NATIONAL,28825.0,0.0176,0.0,32609359,0
2021-05-22,US,33215467,0,585382,USA_NATIONAL,21213.0,0.0176,0.0,32630085,0
2021-05-23,US,33229252,0,585578,USA_NATIONAL,13785.0,0.0176,0.0,32643674,0
2021-05-24,US,33251126,0,586010,USA_NATIONAL,21874.0,0.0176,0.0,32665116,0
2021-05-25,US,33275718,0,586656,USA_NATIONAL,24592.0,0.0176,0.0,32689062,0
2021-05-26,US,33300313,0,587648,USA_NATIONAL,24595.0,0.0176,0.0,32712665,0
2021-05-27,US,33327156,0,589004,USA_NATIONAL,26843.0,0.0177,0.0,32738152,0
2021-05-28,US,33349400,0,589535,USA_NATIONAL,22244.0,0.0177,0.0,32759865,0
2021-05-29,US,33362711,0,589878,USA_NATIONAL,13311.0,0.0177,0.0,32772833,0
2021-05-30,US,33370065,0,590027,USA_NATIONAL,7354.0,0.0177,0.0,32780038,0
2021-05-31,US,33376340,0,590199,USA_NATIONAL,6275.0,0.0177,0.0,32786141,0
2021-06-01,US,33397194,0,590831,USA_NATIONAL,20854.0,0.0177,0.0,32806363,0
2021-06-02,US,33413908,0,591393,USA_NATIONAL,16714.0,0.0177,0.0,32822515,0
2021-06-03,US,33432302,0,592028,USA_NATIONAL,18394.0,0.0177,0.0,32840274,0
2021-06-04,US,33450167,0,592549,USA_NATIONAL,17865.0,0.0177,0.0,32857618,0
2021-06-05,US,33465772,0,593133,USA_NATIONAL,15605.0,0.0177,0.0,32872639,0
2021-06-06,US,33471789,0,593296,USA_NATIONAL,6017.0,0.0177,0.0,32878493,0
2021-06-07,US,33485861,0,593612,USA_NATIONAL,14072.0,0.0177,0.0,32892249,0
2021-06-08,US,33498901,0,593932,USA_NATIONAL,13040.0,0.0177,0.0,32904969,0
2021-06-09,US,33517466,0,594417,USA_NATIONAL,18565.0,0.0177,0.0,32923049,0
2021-06-10,US,33532246,0,594830,USA_NATIONAL,14780.0,0.0177,0.0,32937416,0
2021-06-11,US,33557397,0,595363,USA_NATIONAL,25151.0,0.0177,0.0,32962034,1
2021-06-12,US,33566557,0,595639,USA_NATIONAL,9160.0,0.0177,0.0,32970918,0
2021-06-13,US,33571828,0,595747,USA_NATIONAL,5271.0,0.0177,0.0,32976081,0
2021-06-14,US,33583613,0,595931,USA_NATIONAL,11785.0,0.0177,0.0,32987682,0
2021-06-15,US,33594342,0,596261,USA_NATIONAL,10729.0,0.0177,0.0,32998081,0
2021-06-16,US,33606248,0,596647,USA_NATIONAL,11906.0,0.0178,0.0,33009601,0
2021-06-17,US,33618011,0,596971,USA_NATIONAL,11763.0,0.0178,0.0,33021040,0
2021-06-18,US,33639193,0,597577,USA_NATIONAL,21182.0,0.0178,0.0,33041616,1
2021-06-19,US,33648244,0,597759,USA_NATIONAL,9051.0,0.0178,0.0,33050485,0
2021-06-20,US,33653165,0,597834,USA_NATIONAL,4921.0,0.0178,0.0,33055331,0
2021-06-21,US,33663719,0,598092,USA_NATIONAL,10554.0,0.0178,0.0,33065627,0
2021-06-22,US,33674516,0,598437,USA_NATIONAL,10797.0,0.0178,0.0,33076079,0
2021-06-23,US,33687181,0,598835,USA_NATIONAL,12665.0,0.0178,0.0,33088346,0
2021-06-24,US,33701655,0,599177,USA_NATIONAL,14474.0,0.0178,0.0,33102478,0
2021-06-25,US,33726258,0,599699,USA_NATIONAL,24603.0,0.0178,0.0,33126559,1
2021-06-26,US,33735628,0,599853,USA_NATIONAL,9370.0,0.0178,0.0,33135775,0
2021-06-27,US,33740250,0,599929,USA_NATIONAL,4622.0,0.0178,0.0,33140321,0
2021-06-28,US,33753873,0,600075,USA_NATIONAL,13623.0,0.0178,0.0,33153798,0
2021-06-29,US,33761350,0,600404,USA_NATIONAL,7477.0,0.0178,0.0,33160946,0
2021-06-30,US,33776702,0,600707,USA_NATIONAL,15352.0,0.0178,0.0,33175995,0
2021-07-01,US,33791823,0,600990,USA_NATIONAL,15121.0,0.0178,0.0,33190833,0
2021-07-02,US,33821579,0,601423,USA_NATIONAL,29756.0,0.0178,0.0,33220156,1
2021-07-03,US,33826993,0,601516,USA_NATIONAL,5414.0,0.0178,0.0,33225477,0
2021-07-04,US,33831278,0,601557,USA_NATIONAL,4285.0,0.0178,0.0,33229721,0
2021-07-05,US,33840180,0,601682,USA_NATIONAL,8902.0,0.0178,0.0,33238498,0
2021-07-06,US,33862462,0,601983,USA_NATIONAL,22282.0,0.0178,0.0,33260479,1
2021-07-07,US,33882639,0,602305,USA_NATIONAL,20177.0,0.0178,0.0,33280334,0
2021-07-08,US,33903502,0,602549,USA_NATIONAL,20863.0,0.0178,0.0,33300953,0
2021-07-09,US,33951097,0,603013,USA_NATIONAL,47595.0,0.0178,0.0,33348084,1
2021-07-10,US,33961217,0,603099,USA_NATIONAL,10120.0,0.0178,0.0,33358118,0
2021-07-11,US,33972964,0,603221,USA_NATIONAL,11747.0,0.0178,0.0,33369743,0
2021-07-12,US,34002388,0,603450,USA_NATIONAL,29424.0,0.0177,0.0,33398938,0
2021-07-13,US,34028921,0,603809,USA_NATIONAL,26533.0,0.0177,0.0,33425112,0
2021-07-14,US,34060046,0,604137,USA_NATIONAL,31125.0,0.0177,0.0,33455909,0
2021-07-15,US,34092009,0,604487,USA_NATIONAL,31963.0,0.0177,0.0,33487522,0
2021-07-16,US,34170120,0,604940,USA_NATIONAL,78111.0,0.0177,0.0,33565180,1
2021-07-17,US,34184222,0,605017,USA_NATIONAL,14102.0,0.0177,0.0,33579205,0
2021-07-18,US,34204550,0,605104,USA_NATIONAL,20328.0,0.0177,0.0,33599446,0
2021-07-19,US,34253393,0,605294,USA_NATIONAL,48843.0,0.0177,0.0,33648099,0
2021-07-20,US,34293122,0,605583,USA_NATIONAL,39729.0,0.0177,0.0,33687539,0
2021-07-21,US,34340854,0,605944,USA_NATIONAL,47732.0,0.0176,0.0,33734910,0
2021-07-22,US,34397386,0,606233,USA_NATIONAL,56532.0,0.0176,0.0,33791153,0
2021-07-23,US,34518187,0,606789,USA_NATIONAL,120801.0,0.0176,0.0,33911398,1
2021-07-24,US,34546932,0,606915,USA_NATIONAL,28745.0,0.0176,0.0,33940017,0
2021-07-25,US,34574904,0,607013,USA_NATIONAL,27972.0,0.0176,0.0,33967891,0
2021-07-26,US,34654278,0,607271,USA_NATIONAL,79374.0,0.0175,0.0,34047007,0
2021-07-27,US,34719272,0,607715,USA_NATIONAL,64994.0,0.0175,0.0,34111557,0
2021-07-28,US,34792842,0,608090,USA_NATIONAL,73570.0,0.0175,0.0,34184752,0
2021-07-29,US,34865401,0,608408,USA_NATIONAL,72559.0,0.0175,0.0,34256993,0
2021-07-30,US,35056850,0,609289,USA_NATIONAL,191449.0,0.0174,0.0,34447561,1
2021-07-31,US,35100744,0,609457,USA_NATIONAL,43894.0,0.0174,0.0,34491287,0
2021-08-01,US,35145314,0,609681,USA_NATIONAL,44570.0,0.0173,0.0,34535633,0
2021-08-02,US,35253675,0,610026,USA_NATIONAL,108361.0,0.0173,0.0,34643649,0
2021-08-03,US,35351427,0,610603,USA_NATIONAL,97752.0,0.0173,0.0,34740824,0
2021-08-04,US,35453864,0,611143,USA_NATIONAL,102437.0,0.0172,0.0,34842721,0
2021-08-05,US,35563556,0,611656,USA_NATIONAL,109692.0,0.0172,0.0,34951900,0
2021-08-06,US,35815450,0,612789,USA_NATIONAL,251894.0,0.0171,0.0,35202661,1
2021-08-07,US,35878449,0,613044,USA_NATIONAL,62999.0,0.0171,0.0,35265405,0
2021-08-08,US,35913323,0,613168,USA_NATIONAL,34874.0,0.0171,0.0,35300155,0
2021-08-09,US,36073112,0,613689,USA_NATIONAL,159789.0,0.017,0.0,35459423,0
2021-08-10,US,36190914,0,614522,USA_NATIONAL,117802.0,0.017,0.0,35576392,0
2021-08-11,US,36345351,0,615312,USA_NATIONAL,154437.0,0.0169,0.0,35730039,0
2021-08-12,US,36489427,0,616335,USA_NATIONAL,144076.0,0.0169,0.0,35873092,0
2021-08-13,US,36716250,0,617383,USA_NATIONAL,226823.0,0.0168,0.0,36098867,1
2021-08-14,US,36789314,0,617649,USA_NATIONAL,73064.0,0.0168,0.0,36171665,0
2021-08-15,US,36836100,0,617853,USA_NATIONAL,46786.0,0.0168,0.0,36218247,0
2021-08-16,US,37030460,0,618878,USA_NATIONAL,194360.0,0.0167,0.0,36411582,0
2021-08-17,US,37181051,0,619901,USA_NATIONAL,150591.0,0.0167,0.0,36561150,0
2021-08-18,US,37348658,0,621102,USA_NATIONAL,167607.0,0.0166,0.0,36727556,0
2021-08-19,US,37503878,0,622879,USA_NATIONAL,155220.0,0.0166,0.0,36880999,0
2021-08-20,US,37742957,0,624339,USA_NATIONAL,239079.0,0.0165,0.0,37118618,1
2021-08-21,US,37835147,0,624903,USA_NATIONAL,92190.0,0.0165,0.0,37210244,0
2021-08-22,US,37879350,0,625108,USA_NATIONAL,44203.0,0.0165,0.0,37254242,0
2021-08-23,US,38087584,0,626438,USA_NATIONAL,208234.0,0.0164,0.0,37461146,0
2021-08-24,US,38242044,0,627849,USA_NATIONAL,154460.0,0.0164,0.0,37614195,0
2021-08-25,US,38421014,0,629389,USA_NATIONAL,178970.0,0.0164,0.0,37791625,0
2021-08-26,US,38604788,0,631586,USA_NATIONAL,183774.0,0.0164,0.0,37973202,0
2021-08-27,US,38843468,0,633319,USA_NATIONAL,238680.0,0.0163,0.0,38210149,1
2021-08-28,US,38922361,0,633968,USA_NATIONAL,78893.0,0.0163,0.0,38288393,0
2021-08-29,US,38974376,0,634278,USA_NATIONAL,52015.0,0.0163,0.0,38340098,0
2021-08-30,US,39203590,0,635986,USA_NATIONAL,229214.0,0.0162,0.0,38567604,0
2021-08-31,US,39383534,0,637406,USA_NATIONAL,179944.0,0.0162,0.0,38746128,0
2021-09-01,US,39574045,0,639440,USA_NATIONAL,190511.0,0.0162,0.0,38934605,0
2021-09-02,US,39753168,0,642433,USA_NATIONAL,179123.0,0.0162,0.0,39110735,0
2021-09-03,US,39988600,0,644363,USA_NATIONAL,235432.0,0.0161,0.0,39344237,0
2021-09-04,US,40074511,0,645012,USA_NATIONAL,85911.0,0.0161,0.0,39429499,0
2021-09-05,US,40138014,0,645418,USA_NATIONAL,63503.0,0.0161,0.0,39492596,0
2021-09-06,US,40231755,0,646042,USA_NATIONAL,93741.0,0.0161,0.0,39585713,0
2021-09-07,US,40440928,0,648113,USA_NATIONAL,209173.0,0.016,0.0,39792815,0
2021-09-08,US,40617839,0,650405,USA_NATIONAL,176911.0,0.016,0.0,39967434,0
2021-09-09,US,40784260,0,653620,USA_NATIONAL,166421.0,0.016,0.0,40130640,0
2021-09-10,US,41026278,0,656092,USA_NATIONAL,242018.0,0.016,0.0,40370186,1
2021-09-11,US,41115401,0,656914,USA_NATIONAL,89123.0,0.016,0.0,40458487,0
2021-09-12,US,41163747,0,657284,USA_NATIONAL,48346.0,0.016,0.0,40506463,0
2021-09-13,US,41374525,0,659444,USA_NATIONAL,210778.0,0.0159,0.0,40715081,0
2021-09-14,US,41519932,0,661333,USA_NATIONAL,145407.0,0.0159,0.0,40858599,0
2021-09-15,US,41693180,0,664072,USA_NATIONAL,173248.0,0.0159,0.0,41029108,0
2021-09-16,US,41851957,0,667533,USA_NATIONAL,158777.0,0.0159,0.0,41184424,0
2021-09-17,US,42062812,0,669977,USA_NATIONAL,210855.0,0.0159,0.0,41392835,0
2021-09-18,US,42137785,0,670957,USA_NATIONAL,74973.0,0.0159,0.0,41466828,0
2021-09-19,US,42182658,0,671346,USA_NATIONAL,44873.0,0.0159,0.0,41511312,0
2021-09-20,US,42354453,0,673650,USA_NATIONAL,171795.0,0.0159,0.0,41680803,0
2021-09-21,US,42476185,0,676090,USA_NATIONAL,121732.0,0.0159,0.0,41800095,0
2021-09-22,US,42607532,0,678775,USA_NATIONAL,131347.0,0.0159,0.0,41928757,0
2021-09-23,US,42736691,0,682065,USA_NATIONAL,129159.0,0.016,0.0,42054626,0
2021-09-24,US,42911456,0,684538,USA_NATIONAL,174765.0,0.016,0.0,42226918,0
2021-09-25,US,42971953,0,685375,USA_NATIONAL,60497.0,0.0159,0.0,42286578,0
2021-09-26,US,43026268,0,685943,USA_NATIONAL,54315.0,0.0159,0.0,42340325,0
2021-09-27,US,43182202,0,688208,USA_NATIONAL,155934.0,0.0159,0.0,42493994,0
2021-09-28,US,43294951,0,690710,USA_NATIONAL,112749.0,0.016,0.0,42604241,0
2021-09-29,US,43416335,0,693325,USA_NATIONAL,121384.0,0.016,0.0,42723010,0
2021-09-30,US,43526729,0,696128,USA_NATIONAL,110394.0,0.016,0.0,42830601,0
2021-10-01,US,43681560,0,698275,USA_NATIONAL,154831.0,0.016,0.0,42983285,0
2021-10-02,US,43729766,0,699098,USA_NATIONAL,48206.0,0.016,0.0,43030668,0
2021-10-03,US,43774544,0,699634,USA_NATIONAL,44778.0,0.016,0.0,43074910,0
2021-10-04,US,43917461,0,701556,USA_NATIONAL,142917.0,0.016,0.0,43215905,0
2021-10-05,US,44012688,0,703428,USA_NATIONAL,95227.0,0.016,0.0,43309260,0
2021-10-06,US,44124865,0,706077,USA_NATIONAL,112177.0,0.016,0.0,43418788,0
2021-10-07,US,44226389,0,708540,USA_NATIONAL,101524.0,0.016,0.0,43517849,0
2021-10-08,US,44357811,0,710340,USA_NATIONAL,131422.0,0.016,0.0,43647471,0
2021-10-09,US,44396641,0,710767,USA_NATIONAL,38830.0,0.016,0.0,43685874,0
2021-10-10,US,44436311,0,711244,USA_NATIONAL,39670.0,0.016,0.0,43725067,0
2021-10-11,US,44532374,0,712425,USA_NATIONAL,96063.0,0.016,0.0,43819949,0
2021-10-12,US,44642979,0,714721,USA_NATIONAL,110605.0,0.016,0.0,43928258,0
2021-10-13,US,44751436,0,717929,USA_NATIONAL,108457.0,0.016,0.0,44033507,0
2021-10-14,US,44838377,0,720094,USA_NATIONAL,86941.0,0.0161,0.0,44118283,0
2021-10-15,US,44947848,0,721893,USA_NATIONAL,109471.0,0.0161,0.0,44225955,0
2021-10-16,US,44987629,0,722439,USA_NATIONAL,39781.0,0.0161,0.0,44265190,0
2021-10-17,US,45019279,0,722901,USA_NATIONAL,31650.0,0.0161,0.0,44296378,0
2021-10-18,US,45118220,0,724675,USA_NATIONAL,98941.0,0.0161,0.0,44393545,0
2021-10-19,US,45200123,0,726804,USA_NATIONAL,81903.0,0.0161,0.0,44473319,0
2021-10-20,US,45291728,0,729975,USA_NATIONAL,91605.0,0.0161,0.0,44561753,0
2021-10-21,US,45369795,0,731963,USA_NATIONAL,78067.0,0.0161,0.0,44637832,0
2021-10-22,US,45465743,0,733824,USA_NATIONAL,95948.0,0.0161,0.0,44731919,0
2021-10-23,US,45498148,0,734365,USA_NATIONAL,32405.0,0.0161,0.0,44763783,0
2021-10-24,US,45517308,0,734619,USA_NATIONAL,19160.0,0.0161,0.0,44782689,0
2021-10-25,US,45629868,0,736093,USA_NATIONAL,112560.0,0.0161,0.0,44893775,1
2021-10-26,US,45696522,0,737671,USA_NATIONAL,66654.0,0.0161,0.0,44958851,0
2021-10-27,US,45799081,0,739726,USA_NATIONAL,102559.0,0.0162,0.0,45059355,0
2021-10-28,US,45874170,0,741569,USA_NATIONAL,75089.0,0.0162,0.0,45132601,0
2021-10-29,US,45969273,0,743292,USA_NATIONAL,95103.0,0.0162,0.0,45225981,0
2021-10-30,US,46003562,0,743664,USA_NATIONAL,34289.0,0.0162,0.0,45259898,0
2021-10-31,US,46035880,0,743897,USA_NATIONAL,32318.0,0.0162,0.0,45291983,0
2021-11-01,US,46149131,0,745178,USA_NATIONAL,113251.0,0.0161,0.0,45403953,1
2021-11-02,US,46217861,0,746447,USA_NATIONAL,68730.0,0.0162,0.0,45471414,0
2021-11-03,US,46303454,0,748406,USA_NATIONAL,85593.0,0.0162,0.0,45555048,0
2021-11-04,US,46384890,0,749608,USA_NATIONAL,81436.0,0.0162,0.0,45635282,0
2021-11-05,US,46481747,0,751738,USA_NATIONAL,96857.0,0.0162,0.0,45730009,0
2021-11-06,US,46516602,0,752201,USA_NATIONAL,34855.0,0.0162,0.0,45764401,0
2021-11-07,US,46553426,0,752400,USA_NATIONAL,36824.0,0.0162,0.0,45801026,0
2021-11-08,US,46664172,0,753660,USA_NATIONAL,110746.0,0.0162,0.0,45910512,1
2021-11-09,US,46742530,0,755087,USA_NATIONAL,78358.0,0.0162,0.0,45987443,0
2021-11-10,US,46837597,0,756766,USA_NATIONAL,95067.0,0.0162,0.0,46080831,0
2021-11-11,US,46895239,0,757638,USA_NATIONAL,57642.0,0.0162,0.0,46137601,0
2021-11-12,US,47038738,0,760098,USA_NATIONAL,143499.0,0.0162,0.0,46278640,1
2021-11-13,US,47082685,0,760658,USA_NATIONAL,43947.0,0.0162,0.0,46322027,0
2021-11-14,US,47114595,0,760852,USA_NATIONAL,31910.0,0.0161,0.0,46353743,0
2021-11-15,US,47248634,0,762160,USA_NATIONAL,134039.0,0.0161,0.0,46486474,1
2021-11-16,US,47335899,0,763492,USA_NATIONAL,87265.0,0.0161,0.0,46572407,0
2021-11-17,US,47448735,0,765138,USA_NATIONAL,112836.0,0.0161,0.0,46683597,0
2021-11-18,US,47558567,0,766489,USA_NATIONAL,109832.0,0.0161,0.0,46792078,0
2021-11-19,US,47685434,0,768279,USA_NATIONAL,126867.0,0.0161,0.0,46917155,0
2021-11-20,US,47730790,0,768730,USA_NATIONAL,45356.0,0.0161,0.0,46962060,0
2021-11-21,US,47770619,0,768946,USA_NATIONAL,39829.0,0.0161,0.0,47001673,0
2021-11-22,US,47915235,0,770207,USA_NATIONAL,144616.0,0.0161,0.0,47145028,1
2021-11-23,US,48006579,0,771581,USA_NATIONAL,91344.0,0.0161,0.0,47234998,0
2021-11-24,US,48118158,0,773291,USA_NATIONAL,111579.0,0.0161,0.0,47344867,0
2021-11-25,US,48157477,0,773762,USA_NATIONAL,39319.0,0.0161,0.0,47383715,0
2021-11-26,US,48210898,0,774134,USA_NATIONAL,53421.0,0.0161,0.0,47436764,0
2021-11-27,US,48237436,0,774446,USA_NATIONAL,26538.0,0.0161,0.0,47462990,0
2021-11-28,US,48280582,0,774691,USA_NATIONAL,43146.0,0.016,0.0,47505891,0
2021-11-29,US,48466877,0,776627,USA_NATIONAL,186295.0,0.016,0.0,47690250,1
2021-11-30,US,48583978,0,778263,USA_NATIONAL,117101.0,0.016,0.0,47805715,0
2021-12-01,US,48721085,0,780317,USA_NATIONAL,137107.0,0.016,0.0,47940768,1
2021-12-02,US,48859937,0,784221,USA_NATIONAL,138852.0,0.0161,0.0,48075716,0
2021-12-03,US,49018557,0,785800,USA_NATIONAL,158620.0,0.016,0.0,48232757,0
2021-12-04,US,49084899,0,786470,USA_NATIONAL,66342.0,0.016,0.0,48298429,0
2021-12-05,US,49140079,0,786857,USA_NATIONAL,55180.0,0.016,0.0,48353222,0
2021-12-06,US,49317767,0,788274,USA_NATIONAL,177688.0,0.016,0.0,48529493,0
2021-12-07,US,49431030,0,789838,USA_NATIONAL,113263.0,0.016,0.0,48641192,0
2021-12-08,US,49580935,0,791654,USA_NATIONAL,149905.0,0.016,0.0,48789281,0
2021-12-09,US,49705462,0,793226,USA_NATIONAL,124527.0,0.016,0.0,48912236,0
2021-12-10,US,49863661,0,795025,USA_NATIONAL,158199.0,0.0159,0.0,49068636,0
2021-12-11,US,49920244,0,795625,USA_NATIONAL,56583.0,0.0159,0.0,49124619,0
2021-12-12,US,49972548,0,795977,USA_NATIONAL,52304.0,0.0159,0.0,49176571,0
2021-12-13,US,50158041,0,797384,USA_NATIONAL,185493.0,0.0159,0.0,49360657,1
2021-12-14,US,50273069,0,798933,USA_NATIONAL,115028.0,0.0159,0.0,49474136,0
2021-12-15,US,50416695,0,801186,USA_NATIONAL,143626.0,0.0159,0.0,49615509,0
2021-12-16,US,50558421,0,802479,USA_NATIONAL,141726.0,0.0159,0.0,49755942,0
2021-12-17,US,50751072,0,804329,USA_NATIONAL,192651.0,0.0158,0.0,49946743,1
2021-12-18,US,50830833,0,804973,USA_NATIONAL,79761.0,0.0158,0.0,50025860,0
2021-12-19,US,50920033,0,805270,USA_NATIONAL,89200.0,0.0158,0.0,50114763,0
2021-12-20,US,51160078,0,806849,USA_NATIONAL,240045.0,0.0158,0.0,50353229,1
2021-12-21,US,51339479,0,808800,USA_NATIONAL,179401.0,0.0158,0.0,50530679,0
2021-12-22,US,51583228,0,812988,USA_NATIONAL,243749.0,0.0158,0.0,50770240,0
2021-12-23,US,51852982,0,814373,USA_NATIONAL,269754.0,0.0157,0.0,51038609,0
2021-12-24,US,52101485,0,815067,USA_NATIONAL,248503.0,0.0156,0.0,51286418,0
2021-12-25,US,52188134,0,815296,USA_NATIONAL,86649.0,0.0156,0.0,51372838,0
2021-12-26,US,52366507,0,815645,USA_NATIONAL,178373.0,0.0156,0.0,51550862,0
2021-12-27,US,52867054,0,817438,USA_NATIONAL,500547.0,0.0155,0.0,52049616,1
2021-12-28,US,53229051,0,819753,USA_NATIONAL,361997.0,0.0154,0.0,52409298,0
2021-12-29,US,53731144,0,822108,USA_NATIONAL,502093.0,0.0153,0.0,52909036,1
2021-12-30,US,54321804,0,823603,USA_NATIONAL,590660.0,0.0152,0.0,53498201,1
2021-12-31,US,54835397,0,824314,USA_NATIONAL,513593.0,0.015,0.0,54011083,0
2022-01-01,US,55024111,0,824703,USA_NATIONAL,188714.0,0.015,0.0,54199408,0
2022-01-02,US,55309989,0,825081,USA_NATIONAL,285878.0,0.0149,0.0,54484908,0
2022-01-03,US,56354828,0,826921,USA_NATIONAL,1044839.0,0.0147,0.0,55527907,1
2022-01-04,US,57166940,0,829230,USA_NATIONAL,812112.0,0.0145,0.0,56337710,0
2022-01-05,US,57829451,0,831412,USA_NATIONAL,662511.0,0.0144,0.0,56998039,0
2022-01-06,US,58664396,0,833469,USA_NATIONAL,834945.0,0.0142,0.0,57830927,0
2022-01-07,US,59534080,0,835870,USA_NATIONAL,869684.0,0.014,0.0,58698210,0
2022-01-08,US,59931741,0,836684,USA_NATIONAL,397661.0,0.014,0.0,59095057,0
2022-01-09,US,60416690,0,837272,USA_NATIONAL,484949.0,0.0139,0.0,59579418,0
2022-01-10,US,61800485,0,839284,USA_NATIONAL,1383795.0,0.0136,0.0,60961201,1
2022-01-11,US,62587703,0,841753,USA_NATIONAL,787218.0,0.0134,0.0,61745950,0
2022-01-12,US,63436245,0,844559,USA_NATIONAL,848542.0,0.0133,0.0,62591686,0
2022-01-13,US,64297543,0,847077,USA_NATIONAL,861298.0,0.0132,0.0,63450466,0
2022-01-14,US,65177487,0,849815,USA_NATIONAL,879944.0,0.013,0.0,64327672,0
2022-01-15,US,65585769,0,850786,USA_NATIONAL,408282.0,0.013,0.0,64734983,0
2022-01-16,US,66065516,0,851525,USA_NATIONAL,479747.0,0.0129,0.0,65213991,0
2022-01-17,US,66740462,0,852546,USA_NATIONAL,674946.0,0.0128,0.0,65887916,0
2022-01-18,US,67869801,0,855229,USA_NATIONAL,1129339.0,0.0126,0.0,67014572,0
2022-01-19,US,68777782,0,858664,USA_NATIONAL,907981.0,0.0125,0.0,67919118,0
2022-01-20,US,69510296,0,861559,USA_NATIONAL,732514.0,0.0124,0.0,68648737,0
2022-01-21,US,70351280,0,864915,USA_NATIONAL,840984.0,0.0123,0.0,69486365,0
2022-01-22,US,70653756,0,865880,USA_NATIONAL,302476.0,0.0123,0.0,69787876,0
2022-01-23,US,71019151,0,866584,USA_NATIONAL,365395.0,0.0122,0.0,70152567,0
2022-01-24,US,71941130,0,868748,USA_NATIONAL,921979.0,0.0121,0.0,71072382,0
2022-01-25,US,72434260,0,871918,USA_NATIONAL,493130.0,0.012,0.0,71562342,0
2022-01-26,US,73058263,0,875749,USA_NATIONAL,624003.0,0.012,0.0,72182514,0
2022-01-27,US,73564529,0,878328,USA_NATIONAL,506266.0,0.0119,0.0,72686201,0
2022-01-28,US,74178562,0,882426,USA_NATIONAL,614033.0,0.0119,0.0,73296136,0
2022-01-29,US,74357179,0,883587,USA_NATIONAL,178617.0,0.0119,0.0,73473592,0
2022-01-30,US,74555112,0,884052,USA_NATIONAL,197933.0,0.0119,0.0,73671060,0
2022-01-31,US,75097338,0,886672,USA_NATIONAL,542226.0,0.0118,0.0,74210666,0
2022-02-01,US,75422719,0,890004,USA_NATIONAL,325381.0,0.0118,0.0,74532715,0
2022-02-02,US,75752221,0,893576,USA_NATIONAL,329502.0,0.0118,0.0,74858645,0
2022-02-03,US,76027012,0,896030,USA_NATIONAL,274791.0,0.0118,0.0,75130982,0
2022-02-04,US,76381952,0,900137,USA_NATIONAL,354940.0,0.0118,0.0,75481815,0
2022-02-05,US,76468358,0,901012,USA_NATIONAL,86406.0,0.0118,0.0,75567346,0
2022-02-06,US,76551822,0,901465,USA_NATIONAL,83464.0,0.0118,0.0,75650357,0
2022-02-07,US,76898215,0,904527,USA_NATIONAL,346393.0,0.0118,0.0,75993688,0
2022-02-08,US,77112479,0,907506,USA_NATIONAL,214264.0,0.0118,0.0,76204973,0
2022-02-09,US,77300879,0,910934,USA_NATIONAL,188400.0,0.0118,0.0,76389945,0
2022-02-10,US,77472152,0,914199,USA_NATIONAL,171273.0,0.0118,0.0,76557953,0
2022-02-11,US,77681472,0,916889,USA_NATIONAL,209320.0,0.0118,0.0,76764583,0
2022-02-12,US,77733334,0,917698,USA_NATIONAL,51862.0,0.0118,0.0,76815636,0
2022-02-13,US,77791646,0,918260,USA_NATIONAL,58312.0,0.0118,0.0,76873386,0
2022-02-14,US,77961828,0,921458,USA_NATIONAL,170182.0,0.0118,0.0,77040370,0
2022-02-15,US,78073003,0,924022,USA_NATIONAL,111175.0,0.0118,0.0,77148981,0
2022-02-16,US,78187841,0,927209,USA_NATIONAL,114838.0,0.0119,0.0,77260632,0
2022-02-17,US,78289539,0,930128,USA_NATIONAL,101698.0,0.0119,0.0,77359411,0
2022-02-18,US,78434715,0,932614,USA_NATIONAL,145176.0,0.0119,0.0,77502101,0
2022-02-19,US,78466121,0,933268,USA_NATIONAL,31406.0,0.0119,0.0,77532853,0
2022-02-20,US,78489122,0,933703,USA_NATIONAL,23001.0,0.0119,0.0,77555419,0
2022-02-21,US,78572010,0,934614,USA_NATIONAL,82888.0,0.0119,0.0,77637396,0
2022-02-22,US,78661358,0,936783,USA_NATIONAL,89348.0,0.0119,0.0,77724575,0
2022-02-23,US,78746506,0,939876,USA_NATIONAL,85148.0,0.0119,0.0,77806630,0
2022-02-24,US,78813584,0,942838,USA_NATIONAL,67078.0,0.012,0.0,77870746,0
2022-02-25,US,78887963,0,944911,USA_NATIONAL,74379.0,0.012,0.0,77943052,0
2022-02-26,US,78935375,0,945644,USA_NATIONAL,47412.0,0.012,0.0,77989731,0
2022-02-27,US,78953596,0,945865,USA_NATIONAL,18221.0,0.012,0.0,78007731,0
2022-02-28,US,79052519,0,948017,USA_NATIONAL,98923.0,0.012,0.0,78104502,0
2022-03-01,US,79099228,0,949790,USA_NATIONAL,46709.0,0.012,0.0,78149438,0
2022-03-02,US,79152640,0,951880,USA_NATIONAL,53412.0,0.012,0.0,78200760,0
2022-03-03,US,79201258,0,953584,USA_NATIONAL,48618.0,0.012,0.0,78247674,0
2022-03-04,US,79252523,0,955319,USA_NATIONAL,51265.0,0.0121,0.0,78297204,0
2022-03-05,US,79267444,0,955610,USA_NATIONAL,14921.0,0.0121,0.0,78311834,0
2022-03-06,US,79279840,0,955815,USA_NATIONAL,12396.0,0.0121,0.0,78324025,0
2022-03-07,US,79343929,0,957529,USA_NATIONAL,64089.0,0.0121,0.0,78386400,1
2022-03-08,US,79373683,0,958932,USA_NATIONAL,29754.0,0.0121,0.0,78414751,0
2022-03-09,US,79411388,0,960951,USA_NATIONAL,37705.0,0.0121,0.0,78450437,0
2022-03-10,US,79457977,0,962720,USA_NATIONAL,46589.0,0.0121,0.0,78495257,0
2022-03-11,US,79507694,0,964359,USA_NATIONAL,49717.0,0.0121,0.0,78543335,0
2022-03-12,US,79517911,0,964614,USA_NATIONAL,10217.0,0.0121,0.0,78553297,0
2022-03-13,US,79528961,0,964802,USA_NATIONAL,11050.0,0.0121,0.0,78564159,0
2022-03-14,US,79564354,0,966121,USA_NATIONAL,35393.0,0.0121,0.0,78598233,0
2022-03-15,US,79588738,0,967202,USA_NATIONAL,24384.0,0.0122,0.0,78621536,0
2022-03-16,US,79634875,0,969026,USA_NATIONAL,46137.0,0.0122,0.0,78665849,0
2022-03-17,US,79688041,0,970529,USA_NATIONAL,53166.0,0.0122,0.0,78717512,1
2022-03-18,US,79719388,0,971329,USA_NATIONAL,31347.0,0.0122,0.0,78748059,0
2022-03-19,US,79730270,0,971599,USA_NATIONAL,10882.0,0.0122,0.0,78758671,0
2022-03-20,US,79741713,0,971681,USA_NATIONAL,11443.0,0.0122,0.0,78770032,0
2022-03-21,US,79783990,0,973209,USA_NATIONAL,42277.0,0.0122,0.0,78810781,0
2022-03-22,US,79808558,0,973766,USA_NATIONAL,24568.0,0.0122,0.0,78834792,0
2022-03-23,US,79849247,0,975394,USA_NATIONAL,40689.0,0.0122,0.0,78873853,0
2022-03-24,US,79892237,0,976250,USA_NATIONAL,42990.0,0.0122,0.0,78915987,0
2022-03-25,US,79938661,0,976864,USA_NATIONAL,46424.0,0.0122,0.0,78961797,0
2022-03-26,US,79948075,0,977008,USA_NATIONAL,9414.0,0.0122,0.0,78971067,0
2022-03-27,US,79959836,0,977064,USA_NATIONAL,11761.0,0.0122,0.0,78982772,0
2022-03-28,US,79998748,0,978123,USA_NATIONAL,38912.0,0.0122,0.0,79020625,0
2022-03-29,US,80022811,0,979101,USA_NATIONAL,24063.0,0.0122,0.0,79043710,0
2022-03-30,US,80061842,0,980269,USA_NATIONAL,39031.0,0.0122,0.0,79081573,0
2022-03-31,US,80107303,0,980785,USA_NATIONAL,45461.0,0.0122,0.0,79126518,0
2022-04-01,US,80139338,0,981610,USA_NATIONAL,32035.0,0.0122,0.0,79157728,0
2022-04-02,US,80151068,0,981760,USA_NATIONAL,11730.0,0.0122,0.0,79169308,0
2022-04-03,US,80155304,0,981768,USA_NATIONAL,4236.0,0.0122,0.0,79173536,0
2022-04-04,US,80183801,0,982223,USA_NATIONAL,28497.0,0.0122,0.0,79201578,0
2022-04-05,US,80209383,0,982700,USA_NATIONAL,25582.0,0.0123,0.0,79226683,0
2022-04-06,US,80249869,0,983941,USA_NATIONAL,40486.0,0.0123,0.0,79265928,1
2022-04-07,US,80296887,0,984571,USA_NATIONAL,47018.0,0.0123,0.0,79312316,1
2022-04-08,US,80384319,0,985205,USA_NATIONAL,87432.0,0.0123,0.0,79399114,1
2022-04-09,US,80397170,0,985482,USA_NATIONAL,12851.0,0.0123,0.0,79411688,0
2022-04-10,US,80406370,0,985504,USA_NATIONAL,9200.0,0.0123,0.0,79420866,0
2022-04-11,US,80449944,0,985826,USA_NATIONAL,43574.0,0.0123,0.0,79464118,0
2022-04-12,US,80477797,0,986387,USA_NATIONAL,27853.0,0.0123,0.0,79491410,0
2022-04-13,US,80518989,0,987343,USA_NATIONAL,41192.0,0.0123,0.0,79531646,0
2022-04-14,US,80573532,0,988121,USA_NATIONAL,54543.0,0.0123,0.0,79585411,0
2022-04-15,US,80612681,0,988558,USA_NATIONAL,39149.0,0.0123,0.0,79624123,0
2022-04-16,US,80625120,0,988609,USA_NATIONAL,12439.0,0.0123,0.0,79636511,0
